Project_ID,Project_Name,Sector,District,Contractor_ID,Contractor_Name,Project_Manager_ID,Project_Manager_Name,Contract_Value,Approved_Budget,Amount_Spent,Remaining_Budget,Financial_Progress,Planned_Start_Date,Actual_Start_Date,Planned_End_Date,Expected_End_Date,Actual_End_Date,Project_Duration_Days,Elapsed_Days,Remaining_Days,Planned_Progress,Actual_Progress,Schedule_Variance,Budget_Variance,Delay_Days,Status,Schedule_Status,Budget_Status,Risk_Level,Project_Health_Score,Health_Status,Priority,Latitude,Longitude,Last_Update,Notes
JED-PROJ-001,Northern Jeddah Al Bawadi Traffic Flow Optimization,Roads & Transportation,Al Bawadi,CONT-006,Gulf Engineering & Construction,PM-003,Fahad Alghamdi,112999438,122299774,46427276,75872498,37.96,2026-01-27,2026-02-19,2027-06-01,2027-09-16,,490,196,378,44.69,26.45,-18.24,11.51,137,On Hold,Delayed,Watch,Critical,51.9,At Risk,Medium,21.593678,39.195287,2026-08-30,Procurement of long-lead items in progress.
JED-PROJ-002,Southern Jeddah Al Naeem Corridor Enhancement,Roads & Transportation,Al Rowais,CONT-008,Al Manar Contracting,PM-007,Yousef Alsubaie,685661316,757606585,626940151,130666434,82.75,2025-04-15,2025-04-29,2027-09-28,2027-09-08,,896,492,370,56.47,56.22,-0.25,26.53,0,In Progress,On Track,Over Budget,Medium,71.63,Monitor,Strategic,21.505779,39.170447,2026-08-25,Coordination ongoing with traffic management authority.
JED-PROJ-003,Eastern Jeddah Al Waha Traffic Flow Optimization,Roads & Transportation,Al Safa,CONT-005,Arabian Development Contractors,PM-002,Mohammed Alqahtani,345830962,362728713,89051145,273677568,24.55,2025-12-31,2026-02-11,2028-01-22,2028-02-07,,752,204,522,32.71,28.9,-3.81,-4.35,0,In Progress,On Track,On Budget,Low,89.15,Healthy,Strategic,21.580684,39.186455,2026-08-26,Awaiting utility relocation approval.
JED-PROJ-004,Western Jeddah Al Baghdadiyah Intersection Upgrade,Roads & Transportation,Al Hamdaniyah,CONT-007,Western Projects Company,PM-014,Tariq Alotaibi,227854736,234983314,183218387,51764927,77.97,2024-05-20,2024-05-30,2027-02-02,2027-06-09,,988,826,279,84.62,74.1,-10.52,3.87,127,Delayed,Delayed,On Budget,High,74.24,Monitor,Strategic,21.791903,39.204237,2026-08-26,Variation order under evaluation.
JED-PROJ-005,Central Jeddah Al Sanabel Intersection Upgrade,Roads & Transportation,Al Hamdaniyah,CONT-009,Future Cities Construction,PM-011,Nawaf Alqahtani,57029662,60455873,29353241,31102632,48.55,2025-03-28,2025-04-11,2027-05-17,2027-04-26,,780,510,235,67.18,71.74,4.56,-23.19,0,In Progress,On Track,Under Budget,Low,84.67,Monitor,Medium,21.774665,39.197521,2026-08-27,Additional manpower assigned to recover schedule.
JED-PROJ-006,Corniche Al Ruwais Traffic Flow Optimization,Roads & Transportation,Al Khalidiyah,CONT-018,First Route Engineering,PM-013,Hassan Alzahrani,57025358,60980531,63407293,-2426762,103.98,2025-05-05,2025-05-09,2026-10-09,2026-09-27,,522,482,24,93.1,93.34,0.24,10.64,0,In Progress,On Track,Over Budget,Low,89.17,Healthy,Medium,21.578075,39.144348,2026-09-01,Coordination ongoing with traffic management authority.
JED-PROJ-007,Airport District Al Aziziyah Mobility Improvement,Roads & Transportation,Al Baghdadiyah,CONT-010,Saudi Infrastructure Solutions,PM-005,Khalid Alotaibi,41976377,40738810,30201558,10537252,74.13,2025-05-04,2025-05-20,2026-07-10,2026-12-03,,432,471,91,99.0,78.59,-20.41,-4.46,148,Delayed,Critical Delay,On Budget,High,57.65,At Risk,Low,21.503425,39.15726,2026-09-03,
JED-PROJ-008,Obhur Al Naseem Transport Link Upgrade,Roads & Transportation,Obhur,CONT-007,Western Projects Company,PM-008,Omar Alshehri,526284322,599872095,473590343,126281752,78.95,2025-09-13,2025-09-08,2027-02-02,2027-09-25,,507,360,387,70.02,36.45,-33.57,42.5,242,Delayed,Critical Delay,Over Budget,Critical,8.12,Critical,Strategic,21.754966,39.141561,2026-08-30,Procurement of long-lead items in progress.
JED-PROJ-009,Al Balad Al Manar Intersection Upgrade,Roads & Transportation,Obhur,CONT-004,Jeddah Urban Works Co.,PM-006,Saad Alshammari,229613033,262223079,268446863,-6223784,102.37,2025-06-10,2025-06-16,2026-11-13,2026-10-25,,521,444,52,86.37,82.4,-3.97,19.97,0,In Progress,On Track,Over Budget,Low,73.9,Monitor,Strategic,21.724096,39.117822,2026-08-25,Contractor submitted recovery plan.
JED-PROJ-010,King Abdulaziz Road Al Marwah Intersection Upgrade,Roads & Transportation,Al Rawdah,CONT-005,Arabian Development Contractors,PM-003,Fahad Alghamdi,320888545,323334030,242248268,81085762,74.92,2025-03-28,2025-03-17,2027-03-07,2027-03-31,,709,535,209,73.91,79.16,5.25,-4.24,0,In Progress,Ahead of Schedule,On Budget,Low,92.8,Healthy,Strategic,21.577941,39.141704,2026-09-02,Variation order under evaluation.
JED-PROJ-011,Prince Majed Corridor Al Khalidiyah Mobility Improvement,Roads & Transportation,Al Rawdah,CONT-015,Alpha Core Construction,PM-010,Bander Alghamdi,37328696,42244224,8318223,33926001,19.69,2026-05-30,2026-05-17,2027-12-16,2027-11-30,,565,109,453,16.99,20.98,3.99,-1.29,0,In Progress,On Track,On Budget,Low,96.27,Healthy,Medium,21.565873,39.14638,2026-08-28,Additional manpower assigned to recover schedule.
JED-PROJ-012,Haramain Gateway Al Rawdah Traffic Flow Optimization,Roads & Transportation,Al Bawadi,CONT-002,Al Binaa Contracting Co.,PM-003,Fahad Alghamdi,728109698,755451508,224743465,530708043,29.75,2026-05-26,2026-06-30,2029-03-23,2029-03-26,,1032,65,935,9.69,12.7,3.01,17.05,0,In Progress,On Track,Watch,Low,81.63,Monitor,Strategic,21.608095,39.188309,2026-09-03,Coordination ongoing with traffic management authority.
JED-PROJ-013,Northern Jeddah Al Rabwah Bridge Rehabilitation,Roads & Transportation,Al Rawdah,CONT-004,Jeddah Urban Works Co.,PM-005,Khalid Alotaibi,473560924,522158599,319273972,202884627,61.15,2025-11-07,2025-12-13,2027-06-29,2027-06-05,,599,264,275,50.08,47.2,-2.88,13.95,0,In Progress,On Track,Watch,Low,81.44,Monitor,Strategic,21.583886,39.15368,2026-08-28,Design revision under review.
JED-PROJ-014,Southern Jeddah Al Salamah Intersection Upgrade,Roads & Transportation,Al Safa,CONT-002,Al Binaa Contracting Co.,PM-007,Yousef Alsubaie,68020772,76288467,55323580,20964887,72.52,2024-08-03,2024-09-15,2026-08-30,2027-10-05,,757,718,397,99.0,64.82,-34.18,7.7,401,Delayed,Critical Delay,On Budget,Critical,29.74,Critical,Medium,21.56355,39.184642,2026-09-03,Coordination ongoing with traffic management authority.
JED-PROJ-015,Eastern Jeddah Al Rowais Bridge Rehabilitation,Roads & Transportation,Al Sanabel,CONT-010,Saudi Infrastructure Solutions,PM-004,Abdullah Alzahrani,61826144,63844738,13422656,50422082,21.02,2026-01-24,2026-02-19,2027-09-28,2028-09-08,,612,196,736,36.27,16.22,-20.05,4.8,93,On Hold,Critical Delay,On Budget,Critical,55.41,At Risk,Medium,21.404137,39.245343,2026-08-25,Awaiting utility relocation approval.
JED-PROJ-016,Western Jeddah Obhur Intersection Upgrade,Roads & Transportation,Al Salamah,CONT-013,Blue Horizon Contractors,PM-003,Fahad Alghamdi,62132496,65870872,25842003,40028869,39.23,2025-05-14,2025-05-05,2028-01-24,2028-02-11,,985,486,526,48.43,48.12,-0.31,-8.89,0,In Progress,On Track,Under Budget,Low,90.46,Healthy,Medium,21.616798,39.16139,2026-08-30,Project progressing according to plan.
JED-PROJ-017,Central Jeddah Al Zahra Intersection Upgrade,Roads & Transportation,Prince Fawaz,CONT-002,Al Binaa Contracting Co.,PM-009,Turki Almutairi,90685934,90572230,16536982,74035248,18.26,2026-02-07,2026-03-08,2028-10-18,2028-10-21,,984,179,779,21.14,18.11,-3.03,0.15,0,In Progress,On Track,On Budget,Low,94.45,Healthy,Medium,21.42744,39.242257,2026-08-26,Additional manpower assigned to recover schedule.
JED-PROJ-018,Corniche Al Bawadi Mobility Improvement,Roads & Transportation,Al Hamdaniyah,CONT-011,Corniche Civil Works,PM-005,Khalid Alotaibi,180810459,198025458,128071877,69953581,64.67,2024-11-19,2024-12-31,2027-09-06,2027-12-17,,1021,611,470,63.96,52.98,-10.98,11.69,102,In Progress,Delayed,Watch,High,65.99,At Risk,Medium,21.774791,39.21869,2026-08-25,Project progressing according to plan.
JED-PROJ-019,Airport District Al Naeem Traffic Flow Optimization,Roads & Transportation,Al Samer,CONT-003,Horizon Construction Group,PM-003,Fahad Alghamdi,135235529,139584030,111210904,28373126,79.67,2025-03-08,2025-04-05,2027-03-23,2027-03-30,,745,516,208,73.02,77.41,4.39,2.26,0,In Progress,On Track,On Budget,Low,95.14,Healthy,Low,21.575545,39.252476,2026-08-29,
JED-PROJ-020,Obhur Al Waha Traffic Flow Optimization,Roads & Transportation,Al Jamiah,CONT-001,Red Sea Infrastructure Ltd.,PM-006,Saad Alshammari,87067252,84450214,78705279,5744935,93.2,2024-02-14,2024-02-12,2026-07-20,2026-08-21,2026-09-05,887,934,0,100.0,100.0,0.0,-6.8,47,Completed,Completed,On Budget,Low,92.97,Healthy,Medium,21.465541,39.232423,2026-08-28,Coordination ongoing with traffic management authority.
JED-PROJ-021,Al Balad Al Samer Bridge Rehabilitation,Roads & Transportation,Al Salamah,CONT-003,Horizon Construction Group,PM-009,Turki Almutairi,237459503,266065838,126075364,139990474,47.39,2025-06-11,2025-07-01,2028-02-02,2028-02-23,,966,429,538,46.48,54.4,7.92,-7.01,0,In Progress,Ahead of Schedule,On Budget,Low,88.81,Healthy,Low,21.626907,39.171858,2026-08-28,
JED-PROJ-022,King Abdulaziz Road Al Ruwais Mobility Improvement,Roads & Transportation,Al Marwah,CONT-002,Al Binaa Contracting Co.,PM-014,Tariq Alotaibi,54155586,56253341,34913743,21339598,62.07,2024-06-11,2024-05-25,2027-07-16,2028-05-22,,1130,831,627,72.04,44.72,-27.32,17.35,311,Delayed,Critical Delay,Watch,Critical,31.59,Critical,High,21.601843,39.230317,2026-08-25,Coordination ongoing with traffic management authority.
JED-PROJ-023,Prince Majed Corridor Al Aziziyah Intersection Upgrade,Roads & Transportation,Obhur,CONT-018,First Route Engineering,PM-013,Hassan Alzahrani,87317045,85450516,69148070,16302446,80.92,2023-10-15,2023-10-27,2026-03-25,2027-03-18,,892,1042,196,99.0,73.7,-25.3,7.22,358,Delayed,Critical Delay,On Budget,Critical,44.58,Critical,High,21.758028,39.141457,2026-08-30,Coordination ongoing with traffic management authority.
JED-PROJ-024,Haramain Gateway Al Faisaliyah Corridor Enhancement,Roads & Transportation,Al Muhammadiyah,CONT-017,Vision Axis Developments,PM-007,Yousef Alsubaie,110144250,114700605,16045151,98655454,13.99,2026-12-23,,2028-12-21,2028-12-21,,729,0,840,0.0,0.0,0.0,13.99,0,Not Started,On Track,Watch,Low,86.07,Healthy,Low,21.65884,39.10678,2026-08-29,Procurement of long-lead items in progress.
JED-PROJ-025,Northern Jeddah Al Marwah Bridge Rehabilitation,Roads & Transportation,Al Hamdaniyah,CONT-020,Prime Gulf Builders,PM-001,Ahmed Alharbi,145840169,147159461,153712451,-6552990,104.45,2022-06-27,2022-07-12,2025-06-25,2025-06-06,2025-06-19,1094,1073,0,100.0,100.0,0.0,4.45,0,Completed,Completed,Over Budget,Low,95.23,Healthy,Low,21.800782,39.220788,2026-08-30,Awaiting utility relocation approval.
JED-PROJ-026,Southern Jeddah Al Balad Transport Link Upgrade,Roads & Transportation,Al Salamah,CONT-011,Corniche Civil Works,PM-006,Saad Alshammari,408450474,405918452,299395593,106522859,73.76,2025-10-22,2025-10-19,2027-06-28,2027-12-05,,614,319,458,51.47,41.0,-10.47,32.76,160,Delayed,Delayed,Over Budget,Critical,45.54,Critical,Strategic,21.604135,39.144782,2026-08-30,Design revision under review.
JED-PROJ-027,Eastern Jeddah Al Khalidiyah Mobility Improvement,Roads & Transportation,Al Naseem,CONT-004,Jeddah Urban Works Co.,PM-003,Fahad Alghamdi,65377618,64734234,25927226,38807008,40.05,2025-06-26,2025-08-09,2028-02-23,2028-03-12,,972,390,556,44.65,41.09,-3.56,-1.04,0,In Progress,On Track,On Budget,Low,92.73,Healthy,Low,21.513625,39.274297,2026-09-02,Contractor submitted recovery plan.
JED-PROJ-028,Western Jeddah Al Rawdah Access Road Development,Roads & Transportation,Al Bawadi,CONT-007,Western Projects Company,PM-004,Abdullah Alzahrani,174954022,192594688,185336444,7258244,96.23,2023-09-12,2023-10-08,2025-06-24,2025-08-01,2025-08-21,651,683,0,100.0,100.0,0.0,-3.77,58,Completed,Completed,On Budget,Low,95.88,Healthy,High,21.591269,39.195957,2026-08-30,Procurement of long-lead items in progress.
JED-PROJ-029,Central Jeddah Mishrifah Traffic Flow Optimization,Roads & Transportation,Al Hamdaniyah,CONT-001,Red Sea Infrastructure Ltd.,PM-008,Omar Alshehri,223445927,254294509,256792999,-2498490,100.98,2024-06-26,2024-08-05,2025-12-08,2025-11-21,2025-12-05,530,487,0,100.0,100.0,0.0,0.98,0,Completed,Completed,Over Budget,Low,98.56,Healthy,High,21.770276,39.22425,2026-08-30,Coordination ongoing with traffic management authority.
JED-PROJ-030,Corniche Al Jamiah Bridge Rehabilitation,Roads & Transportation,Al Rawdah,CONT-002,Al Binaa Contracting Co.,PM-006,Saad Alshammari,40475775,38819076,24966253,13852823,64.31,2026-01-31,2026-03-15,2027-05-04,2027-05-29,,458,172,268,46.94,41.9,-5.04,22.41,25,In Progress,Slightly Delayed,Over Budget,Medium,67.82,At Risk,Medium,21.575753,39.174623,2026-08-28,Procurement of long-lead items in progress.
JED-PROJ-031,Airport District Al Rabwah Traffic Flow Optimization,Roads & Transportation,Al Bawadi,CONT-017,Vision Axis Developments,PM-002,Mohammed Alqahtani,234279792,264052714,37626344,226426370,14.25,2026-04-16,2026-05-28,2029-04-10,2029-06-29,,1090,98,1030,12.84,0.0,-12.84,14.25,133,On Hold,Delayed,Watch,Critical,58.02,At Risk,Low,21.581577,39.19317,2026-08-26,Coordination ongoing with traffic management authority.
JED-PROJ-032,Obhur Al Ajwad Mobility Improvement,Roads & Transportation,Al Bawadi,CONT-001,Red Sea Infrastructure Ltd.,PM-010,Bander Alghamdi,59677974,59986884,44619885,15366999,74.38,2025-04-27,2025-06-04,2026-10-24,2026-10-02,,545,456,29,90.64,90.7,0.06,-16.32,0,In Progress,On Track,Under Budget,Low,89.39,Healthy,High,21.582533,39.187841,2026-09-02,Variation order under evaluation.
JED-PROJ-033,Al Balad Al Salamah Mixed-Use Infrastructure Development,Urban Development,Al Hamra,CONT-010,Saudi Infrastructure Solutions,PM-011,Nawaf Alqahtani,30901978,34381868,16644620,17737248,48.41,2025-08-03,2025-08-01,2027-09-20,2027-09-23,,778,398,385,50.9,57.36,6.46,-8.95,0,In Progress,Ahead of Schedule,Under Budget,Low,87.68,Healthy,High,21.524024,39.153678,2026-09-03,
JED-PROJ-034,King Abdulaziz Road Obhur Boulevard Development,Urban Development,Al Hamra,CONT-019,Modern Grid Contracting,PM-011,Nawaf Alqahtani,550285101,587578244,168811150,418767094,28.73,2026-04-07,2026-04-20,2027-10-15,2028-03-02,,556,136,546,26.8,8.39,-18.41,20.34,139,Delayed,Delayed,Over Budget,Critical,43.15,Critical,Strategic,21.528033,39.172121,2026-08-27,Variation order under evaluation.
JED-PROJ-035,Prince Majed Corridor Al Zahra Neighborhood Renewal,Urban Development,Al Ruwais,CONT-015,Alpha Core Construction,PM-009,Turki Almutairi,581143787,557126862,440881547,116245315,79.13,2023-08-03,2023-08-21,2027-04-06,2027-03-03,,1342,1109,181,83.98,90.04,6.06,-10.91,0,In Progress,Ahead of Schedule,Under Budget,Low,86.0,Healthy,Strategic,21.5257,39.168572,2026-08-27,
JED-PROJ-036,Haramain Gateway Al Bawadi Neighborhood Renewal,Urban Development,Al Waha,CONT-015,Alpha Core Construction,PM-001,Ahmed Alharbi,348177507,373127728,385793343,-12665615,103.39,2024-07-29,2024-08-13,2026-03-28,2026-05-26,2026-06-10,607,666,0,100.0,100.0,0.0,3.39,74,Completed,Completed,Over Budget,Low,96.25,Healthy,Strategic,21.589713,39.232285,2026-08-30,Contractor submitted recovery plan.
JED-PROJ-037,Northern Jeddah Al Rawabi Public Realm Improvement,Urban Development,Obhur,CONT-004,Jeddah Urban Works Co.,PM-003,Fahad Alghamdi,67446648,65412167,12746963,52665204,19.49,2024-10-20,2024-10-27,2028-03-31,2029-03-18,,1258,676,927,54.29,16.31,-37.98,3.18,352,Delayed,Critical Delay,On Budget,Critical,30.46,Critical,Medium,21.747944,39.114469,2026-09-01,Coordination ongoing with traffic management authority.
JED-PROJ-038,Southern Jeddah Al Naeem Mixed-Use Infrastructure Development,Urban Development,Al Salamah,CONT-016,Nesma Urban Contracting,PM-001,Ahmed Alharbi,34367144,33275814,7793082,25482732,23.42,2025-08-22,2025-09-26,2027-05-11,2028-06-18,,627,342,654,60.13,31.34,-28.79,-7.92,404,Delayed,Critical Delay,On Budget,Critical,38.26,Critical,Medium,21.5954,39.154558,2026-08-28,Final handover documentation under preparation.
JED-PROJ-039,Eastern Jeddah Al Samer Public Realm Improvement,Urban Development,Al Shati,CONT-006,Gulf Engineering & Construction,PM-002,Mohammed Alqahtani,232333323,248615711,58305486,190310225,23.45,2025-04-10,2025-05-24,2027-09-27,2028-03-20,,900,467,564,56.78,21.15,-35.63,2.3,175,Delayed,Critical Delay,On Budget,High,35.07,Critical,Medium,21.64806,39.123187,2026-08-25,Procurement of long-lead items in progress.
JED-PROJ-040,Western Jeddah Al Ruwais Urban Gateway Upgrade,Urban Development,Al Ruwais,CONT-008,Al Manar Contracting,PM-004,Abdullah Alzahrani,104892408,100198553,54040458,46158095,53.93,2025-01-04,2024-12-18,2028-05-01,2028-05-10,,1213,624,615,50.04,49.21,-0.83,4.72,0,In Progress,On Track,On Budget,Low,93.62,Healthy,High,21.506157,39.175923,2026-09-02,
JED-PROJ-041,Central Jeddah Al Aziziyah Urban Gateway Upgrade,Urban Development,Al Zahra,CONT-017,Vision Axis Developments,PM-010,Bander Alghamdi,37206675,36029141,998547,35030594,2.77,2027-01-01,,2029-12-19,2029-12-19,,1083,0,1203,0.0,0.0,0.0,2.77,0,Not Started,On Track,On Budget,Low,96.84,Healthy,Medium,21.583667,39.132712,2026-08-29,Procurement of long-lead items in progress.
JED-PROJ-042,Corniche Al Thaghr Mixed-Use Infrastructure Development,Urban Development,Al Balad,CONT-009,Future Cities Construction,PM-001,Ahmed Alharbi,125487983,123118266,16217465,106900801,13.17,2026-03-26,2026-03-16,2029-10-28,2029-11-04,,1312,171,1158,12.27,17.54,5.27,-4.37,0,In Progress,Ahead of Schedule,On Budget,Low,92.67,Healthy,High,21.485444,39.179188,2026-09-02,Additional manpower assigned to recover schedule.
JED-PROJ-043,Airport District Al Faisaliyah Neighborhood Renewal,Urban Development,Al Ruwais,CONT-019,Modern Grid Contracting,PM-004,Abdullah Alzahrani,27963971,29287409,12926313,16361096,44.14,2024-10-12,2024-09-27,2028-02-17,2028-06-17,,1223,706,653,56.5,41.15,-15.35,2.99,121,In Progress,Delayed,On Budget,Medium,69.76,At Risk,Medium,21.51142,39.152279,2026-08-27,Final handover documentation under preparation.
JED-PROJ-044,Obhur Al Manar Urban Regeneration,Urban Development,Al Hamra,CONT-001,Red Sea Infrastructure Ltd.,PM-001,Ahmed Alharbi,483731248,496328330,348336999,147991331,70.18,2025-03-21,2025-05-04,2028-09-01,2028-09-08,,1260,487,736,42.14,47.33,5.19,22.85,0,In Progress,Ahead of Schedule,Over Budget,Medium,72.97,Monitor,Strategic,21.516523,39.146825,2026-09-02,Design revision under review.
JED-PROJ-045,Al Balad Prince Fawaz Waterfront Enhancement,Urban Development,Al Ruwais,CONT-009,Future Cities Construction,PM-002,Mohammed Alqahtani,58090724,59884831,63090446,-3205615,105.35,2024-03-02,2024-03-19,2027-06-10,2027-05-07,,1195,898,246,76.57,78.59,2.02,26.76,0,In Progress,On Track,Over Budget,Medium,70.8,Monitor,Medium,21.525826,39.162922,2026-08-28,
JED-PROJ-046,King Abdulaziz Road Al Safa Waterfront Enhancement,Urban Development,Al Ruwais,CONT-004,Jeddah Urban Works Co.,PM-008,Omar Alshehri,216466843,222980322,26020554,196959768,11.67,2027-04-03,,2028-12-13,2028-12-13,,620,0,832,0.0,0.0,0.0,11.67,0,Not Started,On Track,Watch,Low,88.3,Healthy,High,21.529048,39.150361,2026-09-02,Variation order under evaluation.
JED-PROJ-047,Prince Majed Corridor Al Hamdaniyah Urban Gateway Upgrade,Urban Development,Al Shati,CONT-006,Gulf Engineering & Construction,PM-008,Omar Alshehri,69024437,70420107,7514294,62905813,10.67,2027-08-09,,2031-05-18,2031-05-18,,1378,0,1718,0.0,0.0,0.0,10.67,0,Not Started,On Track,Watch,Low,89.26,Healthy,High,21.624272,39.09468,2026-08-25,
JED-PROJ-048,Haramain Gateway Al Jamiah District Revitalization,Urban Development,Al Salamah,CONT-001,Red Sea Infrastructure Ltd.,PM-001,Ahmed Alharbi,136088804,134105885,44741974,89363911,33.36,2025-01-16,2025-02-24,2028-09-08,2029-08-23,,1331,556,1085,44.7,18.39,-26.31,14.97,182,On Hold,Critical Delay,Watch,Critical,35.51,Critical,Medium,21.602635,39.181723,2026-08-29,
JED-PROJ-049,Northern Jeddah Al Hamra Urban Gateway Upgrade,Urban Development,Obhur,CONT-001,Red Sea Infrastructure Ltd.,PM-013,Hassan Alzahrani,148429588,154135461,36391960,117743501,23.61,2025-09-27,2025-09-14,2028-01-25,2027-12-25,,850,354,478,40.12,46.34,6.22,-22.73,0,In Progress,Ahead of Schedule,Under Budget,Low,84.01,Monitor,High,21.755113,39.135633,2026-08-25,Procurement of long-lead items in progress.
JED-PROJ-050,Southern Jeddah Al Rowais Neighborhood Renewal,Urban Development,Obhur,CONT-020,Prime Gulf Builders,PM-001,Ahmed Alharbi,45656660,48673007,49490759,-817752,101.68,2022-10-12,2022-11-18,2026-06-23,2026-08-15,2026-08-30,1350,1381,0,100.0,100.0,0.0,1.68,68,Completed,Completed,Over Budget,Low,97.89,Healthy,Medium,21.758478,39.117823,2026-08-29,Final handover documentation under preparation.
JED-PROJ-051,Eastern Jeddah Al Zahra Public Realm Improvement,Urban Development,Al Muhammadiyah,CONT-002,Al Binaa Contracting Co.,PM-008,Omar Alshehri,588676116,579558572,338041630,241516942,58.33,2025-04-13,2025-05-19,2027-06-15,2027-06-19,,793,472,289,64.06,64.47,0.41,-6.14,0,In Progress,On Track,On Budget,Low,93.4,Healthy,Strategic,21.669716,39.104888,2026-08-25,
JED-PROJ-052,Western Jeddah Al Rawabi Urban Regeneration,Urban Development,Al Rabwah,CONT-002,Al Binaa Contracting Co.,PM-010,Bander Alghamdi,312415300,300912909,219961780,80951129,73.1,2025-06-05,2025-06-21,2027-03-03,2027-03-22,,636,439,200,71.54,70.28,-1.26,2.82,0,In Progress,On Track,On Budget,Low,94.75,Healthy,Strategic,21.555001,39.217641,2026-09-01,Design revision under review.
JED-PROJ-053,Central Jeddah Al Baghdadiyah District Revitalization,Urban Development,Al Muhammadiyah,CONT-002,Al Binaa Contracting Co.,PM-008,Omar Alshehri,533710776,581582494,608722572,-27140078,104.67,2023-08-27,2023-08-17,2026-03-25,2026-04-13,2026-04-25,941,982,0,100.0,100.0,0.0,4.67,31,Completed,Completed,Over Budget,Low,95.02,Healthy,Strategic,21.684275,39.119485,2026-08-26,
JED-PROJ-054,Corniche Al Muhammadiyah Public Realm Improvement,Urban Development,Obhur,CONT-005,Arabian Development Contractors,PM-006,Saad Alshammari,461420474,485274850,187807104,297467746,38.7,2026-01-01,2026-01-20,2027-07-13,2027-06-21,,558,226,291,43.91,41.55,-2.36,-2.85,0,In Progress,On Track,On Budget,Low,92.94,Healthy,Strategic,21.759999,39.104818,2026-08-30,
JED-PROJ-055,Airport District Al Shati Boulevard Development,Urban Development,Al Ruwais,CONT-013,Blue Horizon Contractors,PM-009,Turki Almutairi,175368886,195891248,15904181,179987067,8.12,2026-05-28,2026-06-20,2029-05-11,2029-05-15,,1079,75,985,9.08,14.76,5.68,-6.64,0,In Progress,Ahead of Schedule,On Budget,Low,90.29,Healthy,Low,21.52876,39.182598,2026-09-01,Final handover documentation under preparation.
JED-PROJ-056,Obhur Al Aziziyah Public Realm Improvement,Urban Development,Obhur,CONT-014,Desert Line Projects,PM-009,Turki Almutairi,503926830,515446538,511234553,4211985,99.18,2022-06-07,2022-07-13,2025-12-04,2026-03-01,2026-03-20,1276,1346,0,100.0,100.0,0.0,-0.82,106,Completed,Completed,On Budget,Low,98.71,Healthy,Strategic,21.743224,39.111617,2026-08-27,Awaiting utility relocation approval.
JED-PROJ-057,Al Balad Al Thaghr Waterfront Enhancement,Urban Development,Al Ruwais,CONT-019,Modern Grid Contracting,PM-007,Yousef Alsubaie,33354508,38253884,32609247,5644637,85.24,2024-05-09,2024-05-25,2027-02-15,2027-03-29,,1012,831,207,83.7,73.75,-9.95,11.49,42,In Progress,Slightly Delayed,Watch,Medium,70.35,Monitor,Low,21.505982,39.158,2026-08-27,Design revision under review.
JED-PROJ-058,King Abdulaziz Road Al Manar Urban Regeneration,Urban Development,Al Balad,CONT-018,First Route Engineering,PM-005,Khalid Alotaibi,47342429,51711198,19702506,32008692,38.1,2025-03-27,2025-03-22,2028-02-28,2028-11-13,,1068,530,802,49.16,25.89,-23.27,12.21,131,On Hold,Critical Delay,Watch,Critical,43.08,Critical,High,21.499778,39.199935,2026-08-29,
JED-PROJ-059,Prince Majed Corridor Al Balad Public Building Rehabilitation,Buildings,Al Rehab,CONT-008,Al Manar Contracting,PM-012,Majed Alharbi,9293667,9762081,10499261,-737180,107.55,2024-12-04,2024-11-24,2026-05-29,2026-10-28,,541,648,55,100.0,89.35,-10.65,18.2,152,Delayed,Delayed,Over Budget,High,60.27,At Risk,High,21.556026,39.224788,2026-09-01,Final handover documentation under preparation.
JED-PROJ-060,Haramain Gateway Al Khalidiyah Service Center Upgrade,Buildings,Al Rabwah,CONT-013,Blue Horizon Contractors,PM-001,Ahmed Alharbi,23515194,22364131,7261317,15102814,32.47,2026-03-07,2026-03-19,2027-03-23,2028-04-16,,381,168,591,59.73,33.85,-25.88,-1.38,390,Delayed,Critical Delay,On Budget,Critical,49.25,Critical,Medium,21.544719,39.210472,2026-08-25,Contractor submitted recovery plan.
JED-PROJ-061,Northern Jeddah Al Andalus Service Center Upgrade,Buildings,Al Rehab,CONT-014,Desert Line Projects,PM-002,Mohammed Alqahtani,29008543,31020222,3498077,27522145,11.28,2027-08-02,,2028-06-13,2028-06-13,,316,0,649,0.0,0.0,0.0,11.28,0,Not Started,On Track,Watch,Low,88.67,Healthy,High,21.528169,39.222887,2026-08-25,Design revision under review.
JED-PROJ-062,Southern Jeddah Al Hamdaniyah Public Building Rehabilitation,Buildings,Al Rehab,CONT-014,Desert Line Projects,PM-002,Mohammed Alqahtani,19663079,19416559,15005792,4410767,77.28,2025-10-10,2025-11-05,2026-11-01,2027-02-21,,387,302,171,84.75,65.49,-19.26,11.79,112,Delayed,Delayed,Watch,High,52.48,At Risk,Low,21.524567,39.221023,2026-08-29,Additional manpower assigned to recover schedule.
JED-PROJ-063,Eastern Jeddah Mishrifah Public Building Rehabilitation,Buildings,Al Samer,CONT-018,First Route Engineering,PM-009,Turki Almutairi,124715083,138147397,99421655,38725742,71.97,2025-11-01,2025-10-25,2027-08-16,2027-08-28,,653,313,359,46.86,53.12,6.26,18.85,0,In Progress,Ahead of Schedule,Over Budget,Low,78.27,Monitor,Medium,21.594141,39.246537,2026-08-27,Final handover documentation under preparation.
JED-PROJ-064,Western Jeddah Al Hamra Service Center Upgrade,Buildings,Al Andalus,CONT-009,Future Cities Construction,PM-001,Ahmed Alharbi,26096166,29026753,22081901,6944852,76.07,2025-03-23,2025-04-30,2026-03-22,2026-08-27,,364,491,0,100.0,87.32,-12.68,-11.25,158,Delayed,Delayed,Under Budget,High,63.66,At Risk,Medium,21.573608,39.148893,2026-08-30,
JED-PROJ-065,Central Jeddah Al Ajwad Administrative Complex Development,Buildings,Al Rawabi,CONT-001,Red Sea Infrastructure Ltd.,PM-002,Mohammed Alqahtani,20297765,20444359,21718407,-1274048,106.23,2024-09-16,2024-09-30,2025-08-30,2025-08-25,2025-09-14,348,349,0,100.0,100.0,0.0,6.23,15,Completed,Completed,Over Budget,Low,93.52,Healthy,Medium,21.512207,39.230012,2026-09-01,Contractor submitted recovery plan.
JED-PROJ-066,Corniche Al Rowais Administrative Complex Development,Buildings,Al Faisaliyah,CONT-003,Horizon Construction Group,PM-010,Bander Alghamdi,48329266,54847052,25531812,29315240,46.55,2025-10-05,2025-09-25,2028-01-14,2027-12-15,,831,343,468,40.07,50.8,10.73,-4.25,0,In Progress,Ahead of Schedule,On Budget,Low,90.06,Healthy,Medium,21.559694,39.195428,2026-08-30,Additional manpower assigned to recover schedule.
JED-PROJ-067,Airport District Al Zahra Service Center Upgrade,Buildings,Al Rehab,CONT-007,Western Projects Company,PM-012,Majed Alharbi,12762238,12549478,12253429,296049,97.64,2023-07-18,2023-08-24,2025-08-10,2025-09-04,2025-09-22,754,760,0,100.0,100.0,0.0,-2.36,43,Completed,Completed,On Budget,Low,97.23,Healthy,Low,21.532884,39.247121,2026-09-03,
JED-PROJ-068,Obhur Al Rehab Service Center Upgrade,Buildings,Al Rehab,CONT-008,Al Manar Contracting,PM-005,Khalid Alotaibi,114213733,116802070,45845298,70956772,39.25,2026-06-20,2026-06-18,2027-09-26,2027-10-04,,463,77,396,16.2,23.38,7.18,15.87,0,In Progress,Ahead of Schedule,Watch,Low,80.67,Monitor,Medium,21.536188,39.220846,2026-08-25,
JED-PROJ-069,Al Balad Al Rawabi Operations Facility Expansion,Buildings,Al Rehab,CONT-020,Prime Gulf Builders,PM-013,Hassan Alzahrani,10242198,11673696,10983058,690638,94.08,2024-08-04,2024-07-24,2026-06-15,2027-03-04,,680,771,182,99.0,69.82,-29.18,24.26,345,Delayed,Critical Delay,Over Budget,Critical,21.94,Critical,Medium,21.555888,39.209181,2026-08-30,Final handover documentation under preparation.
JED-PROJ-070,King Abdulaziz Road Al Naeem Municipal Building Renovation,Buildings,Al Rabwah,CONT-010,Saudi Infrastructure Solutions,PM-007,Yousef Alsubaie,210643770,212142580,0,212142580,0.0,2026-12-24,,2029-03-05,2029-03-05,,802,0,914,0.0,0.0,0.0,0.0,0,Not Started,On Track,On Budget,Low,99.5,Healthy,Low,21.559274,39.231542,2026-08-27,
JED-PROJ-071,Prince Majed Corridor Al Baghdadiyah Community Center Construction,Buildings,Al Waha,CONT-007,Western Projects Company,PM-004,Abdullah Alzahrani,103420619,112063269,37054073,75009196,33.07,2026-03-27,2026-04-13,2027-03-28,2027-10-23,,366,143,415,43.72,17.33,-26.39,15.74,71,On Hold,Critical Delay,Watch,Critical,34.64,Critical,Medium,21.584523,39.227737,2026-08-29,Variation order under evaluation.
JED-PROJ-072,Haramain Gateway Al Samer Municipal Building Renovation,Buildings,Al Rehab,CONT-007,Western Projects Company,PM-007,Yousef Alsubaie,15456386,17167908,6608361,10559547,38.49,2025-04-01,2025-03-23,2027-08-13,2028-08-12,,864,529,709,60.19,27.03,-33.16,11.46,384,Delayed,Critical Delay,Watch,Critical,27.78,Critical,High,21.558006,39.232263,2026-08-27,Contractor submitted recovery plan.
JED-PROJ-073,Northern Jeddah Al Sanabel Service Center Upgrade,Buildings,Al Faisaliyah,CONT-012,Madar Utilities & Build,PM-012,Majed Alharbi,8147759,7949499,5984027,1965472,75.28,2024-09-18,2024-09-21,2027-01-30,2027-01-03,,864,712,122,82.75,80.73,-2.02,-5.45,0,In Progress,On Track,On Budget,Low,91.0,Healthy,High,21.561928,39.195197,2026-08-31,Design revision under review.
JED-PROJ-074,Southern Jeddah Al Muhammadiyah Municipal Building Renovation,Buildings,Al Khalidiyah,CONT-015,Alpha Core Construction,PM-002,Mohammed Alqahtani,119346663,134740614,111734338,23006276,82.93,2025-11-08,2025-11-13,2026-11-23,2027-02-14,,380,294,164,78.68,61.61,-17.07,21.32,83,In Progress,Delayed,Over Budget,Critical,44.38,Critical,Medium,21.563903,39.127533,2026-08-25,Final handover documentation under preparation.
JED-PROJ-075,Eastern Jeddah Al Shati Operations Facility Expansion,Buildings,Al Rabwah,CONT-003,Horizon Construction Group,PM-011,Nawaf Alqahtani,83270826,93138919,13184901,79954018,14.16,2026-05-24,2026-05-07,2028-10-17,2028-11-11,,877,119,800,11.63,14.61,2.98,-0.45,0,In Progress,On Track,On Budget,Low,97.58,Healthy,Medium,21.557997,39.220116,2026-08-27,Coordination ongoing with traffic management authority.
JED-PROJ-076,Western Jeddah Al Aziziyah Service Center Upgrade,Buildings,Al Faisaliyah,CONT-004,Jeddah Urban Works Co.,PM-002,Mohammed Alqahtani,89613582,93788586,92882296,906290,99.03,2023-10-20,2023-11-27,2025-10-04,2025-09-23,2025-10-10,715,683,0,100.0,100.0,0.0,-0.97,6,Completed,Completed,On Budget,Low,98.57,Healthy,Medium,21.563345,39.207693,2026-08-29,Final handover documentation under preparation.
JED-PROJ-077,Central Jeddah Al Naseem Administrative Complex Development,Buildings,Al Faisaliyah,CONT-019,Modern Grid Contracting,PM-005,Khalid Alotaibi,103087169,118042522,117409296,633226,99.46,2024-05-14,2024-06-28,2025-07-21,2025-12-26,2025-12-24,433,544,0,100.0,100.0,0.0,-0.54,156,Completed,Completed,On Budget,Low,98.98,Healthy,Medium,21.564925,39.18526,2026-08-30,Project progressing according to plan.
JED-PROJ-078,Corniche Al Manar Operations Facility Expansion,Buildings,Al Ruwais,CONT-017,Vision Axis Developments,PM-004,Abdullah Alzahrani,10225037,10221500,4464626,5756874,43.68,2026-01-19,2026-02-08,2027-04-27,2027-07-01,,463,207,301,49.03,38.71,-10.32,4.97,65,In Progress,Delayed,On Budget,High,73.51,Monitor,High,21.535028,39.16924,2026-08-31,Awaiting utility relocation approval.
JED-PROJ-079,Airport District Al Balad Administrative Complex Development,Buildings,Al Rawdah,CONT-012,Madar Utilities & Build,PM-012,Majed Alharbi,26244689,25197738,21097840,4099898,83.73,2024-11-01,2024-12-11,2027-01-16,2027-03-03,,806,631,181,83.25,72.48,-10.77,11.25,46,In Progress,Delayed,Watch,Medium,69.25,At Risk,Medium,21.562174,39.150626,2026-08-25,Variation order under evaluation.
JED-PROJ-080,Obhur Al Khalidiyah Service Center Upgrade,Buildings,Al Rabwah,CONT-013,Blue Horizon Contractors,PM-001,Ahmed Alharbi,11745300,11835978,12069368,-233390,101.97,2023-04-11,2023-05-18,2025-03-06,2025-04-25,2025-04-28,695,711,0,100.0,100.0,0.0,1.97,53,Completed,Completed,Over Budget,Low,97.61,Healthy,Medium,21.547632,39.196254,2026-08-29,Design revision under review.
JED-PROJ-081,Al Balad Al Rawdah Water Channel Rehabilitation,Stormwater & Drainage,Al Naseem,CONT-013,Blue Horizon Contractors,PM-008,Omar Alshehri,321807978,354308342,328169681,26138661,92.62,2023-05-13,2023-06-27,2024-11-26,2024-12-27,2025-01-07,563,560,0,100.0,100.0,0.0,-7.38,42,Completed,Completed,On Budget,Low,92.42,Healthy,Strategic,21.528689,39.271374,2026-08-26,Contractor submitted recovery plan.
JED-PROJ-082,King Abdulaziz Road Mishrifah Runoff Management Improvement,Stormwater & Drainage,Al Samer,CONT-009,Future Cities Construction,PM-005,Khalid Alotaibi,148717948,145439639,74360013,71079626,51.13,2025-08-13,2025-08-13,2028-04-26,2028-04-30,,987,386,605,39.11,45.82,6.71,5.31,0,In Progress,Ahead of Schedule,On Budget,Low,91.05,Healthy,Low,21.590164,39.241185,2026-08-30,Contractor submitted recovery plan.
JED-PROJ-083,Prince Majed Corridor Al Hamra Drainage Capacity Enhancement,Stormwater & Drainage,Al Ajwad,CONT-010,Saudi Infrastructure Solutions,PM-013,Hassan Alzahrani,58023722,58966487,43386234,15580253,73.58,2025-12-04,2025-12-23,2027-03-21,2027-04-01,,472,254,210,57.84,62.88,5.04,10.7,0,In Progress,Ahead of Schedule,Watch,Low,86.71,Healthy,High,21.645601,39.264771,2026-08-25,Procurement of long-lead items in progress.
JED-PROJ-084,Haramain Gateway Al Ajwad Drainage Capacity Enhancement,Stormwater & Drainage,Al Sanabel,CONT-003,Horizon Construction Group,PM-008,Omar Alshehri,24540350,26177306,26289135,-111829,100.43,2024-12-13,2024-12-11,2026-05-31,2026-10-12,,534,631,39,100.0,89.43,-10.57,11.0,134,Delayed,Delayed,Over Budget,High,67.32,At Risk,High,21.403858,39.258057,2026-08-25,Contractor submitted recovery plan.
JED-PROJ-085,Northern Jeddah Al Rowais Water Channel Rehabilitation,Stormwater & Drainage,Al Hamra,CONT-006,Gulf Engineering & Construction,PM-006,Saad Alshammari,54420763,59381490,23324211,36057279,39.28,2025-12-05,2025-12-26,2028-05-14,2028-05-09,,891,251,614,30.53,29.82,-0.71,9.46,0,In Progress,On Track,Watch,Low,89.27,Healthy,Low,21.527324,39.161589,2026-08-30,Procurement of long-lead items in progress.
JED-PROJ-086,Southern Jeddah Al Zahra Drainage Capacity Enhancement,Stormwater & Drainage,Al Ajwad,CONT-013,Blue Horizon Contractors,PM-003,Fahad Alghamdi,56966137,57296613,27015926,30280687,47.15,2025-11-17,2025-12-05,2027-09-13,2027-09-23,,665,272,385,43.61,48.42,4.81,-1.27,0,In Progress,On Track,On Budget,Low,95.88,Healthy,Medium,21.655613,39.256998,2026-08-30,Additional manpower assigned to recover schedule.
JED-PROJ-087,Eastern Jeddah Al Bawadi Water Channel Rehabilitation,Stormwater & Drainage,Al Waha,CONT-006,Gulf Engineering & Construction,PM-007,Yousef Alsubaie,209399511,221678316,188035888,33642428,84.82,2025-07-17,2025-07-15,2027-08-20,2027-09-17,,764,415,379,54.06,46.54,-7.52,38.28,28,In Progress,Slightly Delayed,Over Budget,Medium,55.32,At Risk,Medium,21.602904,39.215415,2026-08-26,Additional manpower assigned to recover schedule.
JED-PROJ-088,Western Jeddah Al Waha Water Channel Rehabilitation,Stormwater & Drainage,Obhur,CONT-018,First Route Engineering,PM-011,Nawaf Alqahtani,155703040,152192651,141589869,10602782,93.03,2024-06-07,2024-06-17,2027-02-22,2027-03-01,,990,808,179,82.63,81.74,-0.89,11.29,0,In Progress,On Track,Watch,Low,87.22,Healthy,High,21.735891,39.118786,2026-09-01,
JED-PROJ-089,Central Jeddah Al Baghdadiyah Flood Mitigation Program,Stormwater & Drainage,Al Aziziyah,CONT-002,Al Binaa Contracting Co.,PM-006,Saad Alshammari,347776462,358690206,333390356,25299850,92.95,2022-12-08,2022-12-13,2025-04-03,2025-04-19,2025-04-24,847,863,0,100.0,100.0,0.0,-7.05,21,Completed,Completed,On Budget,Low,92.73,Healthy,Strategic,21.551674,39.246701,2026-08-31,Variation order under evaluation.
JED-PROJ-090,Corniche Al Samer Stormwater Drainage Upgrade,Stormwater & Drainage,Al Rawdah,CONT-009,Future Cities Construction,PM-010,Bander Alghamdi,91444614,103574371,76281584,27292787,73.65,2025-12-04,2025-12-06,2027-05-27,2027-04-24,,539,271,233,50.65,63.7,13.05,9.95,0,In Progress,Ahead of Schedule,Watch,Low,83.42,Monitor,Low,21.583637,39.173746,2026-09-03,
JED-PROJ-091,Airport District Al Muhammadiyah Stormwater Drainage Upgrade,Stormwater & Drainage,Al Samer,CONT-004,Jeddah Urban Works Co.,PM-010,Bander Alghamdi,29391082,28552265,19737917,8814348,69.13,2025-01-04,2025-02-11,2026-12-08,2027-06-14,,703,569,284,86.34,53.81,-32.53,15.32,188,Delayed,Critical Delay,Watch,Critical,25.09,Critical,Medium,21.582905,39.242169,2026-08-30,Final handover documentation under preparation.
JED-PROJ-092,Obhur Al Shati Runoff Management Improvement,Stormwater & Drainage,Al Waha,CONT-012,Madar Utilities & Build,PM-003,Fahad Alghamdi,198656793,202117878,103356554,98761324,51.14,2025-12-20,2025-12-22,2027-10-13,2027-10-18,,662,255,410,38.82,34.99,-3.83,16.15,0,In Progress,On Track,Watch,Low,77.79,Monitor,High,21.600093,39.21413,2026-09-01,Contractor submitted recovery plan.
JED-PROJ-093,Al Balad Al Aziziyah Runoff Management Improvement,Stormwater & Drainage,Al Ajwad,CONT-006,Gulf Engineering & Construction,PM-004,Abdullah Alzahrani,231505788,220246741,228101005,-7854264,103.57,2023-11-15,2023-12-22,2025-12-06,2025-12-20,2025-12-25,752,734,0,100.0,100.0,0.0,3.57,19,Completed,Completed,Over Budget,Low,96.07,Healthy,High,21.645533,39.252482,2026-09-03,Coordination ongoing with traffic management authority.
JED-PROJ-094,King Abdulaziz Road Al Naseem Stormwater Drainage Upgrade,Stormwater & Drainage,Al Naseem,CONT-005,Arabian Development Contractors,PM-001,Ahmed Alharbi,121804083,119604711,26662198,92942513,22.29,2025-09-21,2025-10-10,2028-08-18,2029-05-16,,1062,328,986,32.67,10.38,-22.29,11.91,54,On Hold,Critical Delay,Watch,Critical,44.96,Critical,Medium,21.519379,39.279509,2026-08-29,Project progressing according to plan.
JED-PROJ-095,Prince Majed Corridor Al Thaghr Drainage Capacity Enhancement,Stormwater & Drainage,Al Manar,CONT-006,Gulf Engineering & Construction,PM-014,Tariq Alotaibi,239219105,263492693,225860224,37632469,85.72,2024-03-12,2024-03-19,2027-01-16,2027-01-24,,1040,898,143,87.02,84.6,-2.42,1.12,0,In Progress,On Track,On Budget,Low,94.5,Healthy,Medium,21.537812,39.258823,2026-09-03,Variation order under evaluation.
JED-PROJ-096,Haramain Gateway Prince Fawaz Stormwater Drainage Upgrade,Stormwater & Drainage,Al Rawabi,CONT-014,Desert Line Projects,PM-004,Abdullah Alzahrani,98022690,104349107,99430532,4918575,95.29,2024-09-22,2024-10-13,2026-02-17,2026-07-15,2026-07-24,513,649,0,100.0,100.0,0.0,-4.71,157,Completed,Completed,On Budget,Low,94.98,Healthy,Medium,21.483274,39.235457,2026-09-03,Contractor submitted recovery plan.
JED-PROJ-097,Northern Jeddah Al Marwah Stormwater Drainage Upgrade,Stormwater & Drainage,Al Manar,CONT-005,Arabian Development Contractors,PM-014,Tariq Alotaibi,107591790,112041754,100261861,11779893,89.49,2025-05-17,2025-06-25,2026-07-10,2026-09-25,,419,435,22,99.0,79.79,-19.21,9.7,77,In Progress,Delayed,Watch,High,54.57,At Risk,Medium,21.53663,39.249159,2026-09-02,Variation order under evaluation.
JED-PROJ-098,Southern Jeddah Al Balad Drainage Network Expansion,Stormwater & Drainage,Al Salamah,CONT-008,Al Manar Contracting,PM-001,Ahmed Alharbi,79196628,90856546,94720896,-3864350,104.25,2024-03-12,2024-03-28,2026-07-03,2026-08-04,2026-08-04,843,859,0,100.0,100.0,0.0,4.25,32,Completed,Completed,Over Budget,Low,95.42,Healthy,Low,21.614252,39.157496,2026-08-28,Contractor submitted recovery plan.
JED-PROJ-099,Eastern Jeddah Al Safa Runoff Management Improvement,Stormwater & Drainage,Al Kandarah,CONT-004,Jeddah Urban Works Co.,PM-009,Turki Almutairi,21705231,22250664,24005251,-1754587,107.89,2022-03-07,2022-03-04,2025-01-29,2025-04-02,2025-04-08,1059,1131,0,100.0,100.0,0.0,7.89,69,Completed,Completed,Over Budget,Low,91.93,Healthy,Medium,21.486584,39.206064,2026-09-03,
JED-PROJ-100,Western Jeddah Al Khalidiyah Drainage Network Expansion,Stormwater & Drainage,Al Sanabel,CONT-016,Nesma Urban Contracting,PM-007,Yousef Alsubaie,28304516,30701908,22738760,7963148,74.06,2025-04-27,2025-05-25,2027-10-31,2027-10-11,,917,466,403,53.87,58.51,4.64,15.55,0,In Progress,On Track,Watch,Low,82.25,Monitor,Low,21.406558,39.241418,2026-08-28,Procurement of long-lead items in progress.
JED-PROJ-101,Central Jeddah Al Rawdah Distribution Network Enhancement,Utilities,Al Zahra,CONT-002,Al Binaa Contracting Co.,PM-010,Bander Alghamdi,13248772,13224040,8065232,5158808,60.99,2026-02-26,2026-02-10,2026-12-31,2027-09-02,,308,205,364,61.36,36.91,-24.45,24.08,245,Delayed,Critical Delay,Over Budget,Critical,29.77,Critical,Medium,21.605938,39.125166,2026-08-30,Awaiting utility relocation approval.
JED-PROJ-102,Corniche Mishrifah Service Diversion Project,Utilities,Al Waha,CONT-011,Corniche Civil Works,PM-012,Majed Alharbi,89079119,94913353,36373188,58540165,38.32,2026-03-06,2026-03-24,2027-09-25,2027-11-16,,568,163,439,31.87,22.94,-8.93,15.38,52,In Progress,Slightly Delayed,Watch,Medium,68.27,At Risk,Medium,21.5973,39.238349,2026-09-01,Coordination ongoing with traffic management authority.
JED-PROJ-103,Airport District Al Jamiah Underground Utility Development,Utilities,Al Thaghr,CONT-005,Arabian Development Contractors,PM-011,Nawaf Alqahtani,32300774,33887522,34996847,-1109325,103.27,2025-03-10,2025-04-07,2026-10-23,2026-10-08,,592,514,35,91.55,95.74,4.19,7.53,0,In Progress,On Track,Over Budget,Low,90.18,Healthy,High,21.470365,39.229603,2026-08-31,Additional manpower assigned to recover schedule.
JED-PROJ-104,Obhur Al Ajwad Service Diversion Project,Utilities,Al Bawadi,CONT-010,Saudi Infrastructure Solutions,PM-002,Mohammed Alqahtani,59551697,66171180,64989829,1181351,98.21,2024-03-13,2024-04-14,2025-01-06,2025-02-08,2025-02-20,299,312,0,100.0,100.0,0.0,-1.79,45,Completed,Completed,On Budget,Low,97.78,Healthy,High,21.589889,39.166479,2026-08-27,Design revision under review.
JED-PROJ-105,Al Balad Al Rowais Water & Sewer Infrastructure Renewal,Utilities,Al Aziziyah,CONT-005,Arabian Development Contractors,PM-001,Ahmed Alharbi,209271995,200965430,11835759,189129671,5.89,2027-08-23,,2029-05-10,2029-05-10,,626,0,980,0.0,0.0,0.0,5.89,0,Not Started,On Track,On Budget,Low,93.85,Healthy,High,21.52662,39.253405,2026-08-25,Final handover documentation under preparation.
JED-PROJ-106,King Abdulaziz Road Obhur Distribution Network Enhancement,Utilities,Al Aziziyah,CONT-015,Alpha Core Construction,PM-011,Nawaf Alqahtani,26315234,27522546,20070063,7452483,72.92,2026-01-31,2026-01-12,2027-09-03,2027-08-11,,580,234,342,37.07,41.61,4.54,31.31,0,In Progress,On Track,Over Budget,Medium,65.23,At Risk,Medium,21.532733,39.244594,2026-08-31,Project progressing according to plan.
JED-PROJ-107,Prince Majed Corridor Al Zahra Utility Network Upgrade,Utilities,Al Waha,CONT-001,Red Sea Infrastructure Ltd.,PM-005,Khalid Alotaibi,43709472,48303459,37920605,10382854,78.5,2024-08-04,2024-08-29,2026-04-25,2026-08-07,,629,735,0,100.0,84.73,-15.27,-6.23,104,In Progress,Delayed,On Budget,High,64.28,At Risk,Medium,21.60623,39.246231,2026-08-29,Design revision under review.
JED-PROJ-108,Haramain Gateway Al Rehab Underground Utility Development,Utilities,Al Thaghr,CONT-017,Vision Axis Developments,PM-013,Hassan Alzahrani,129645565,145568240,32759510,112808730,22.5,2026-06-27,2026-07-10,2027-07-21,2027-09-06,,389,55,368,17.48,12.08,-5.4,10.42,47,In Progress,Slightly Delayed,Watch,Medium,78.75,Monitor,Medium,21.464674,39.255668,2026-08-27,Variation order under evaluation.
JED-PROJ-109,Northern Jeddah Al Rawabi Substation Access Improvement,Utilities,Al Naseem,CONT-005,Arabian Development Contractors,PM-014,Tariq Alotaibi,24670152,24706302,22190639,2515663,89.82,2025-02-18,2025-03-28,2027-02-28,2027-03-15,,740,524,193,75.95,71.92,-4.03,17.9,0,In Progress,On Track,Watch,Low,75.79,Monitor,High,21.535017,39.279574,2026-09-03,Variation order under evaluation.
JED-PROJ-110,Southern Jeddah Al Waha Distribution Network Enhancement,Utilities,Al Marwah,CONT-003,Horizon Construction Group,PM-005,Khalid Alotaibi,15292834,17419113,19221118,-1802005,110.34,2025-12-22,2025-12-02,2026-10-07,2026-10-25,,289,275,52,88.24,95.18,6.94,15.16,0,In Progress,Ahead of Schedule,Over Budget,Low,81.48,Monitor,High,21.615416,39.19466,2026-08-25,Contractor submitted recovery plan.
JED-PROJ-111,Eastern Jeddah Al Samer Underground Utility Development,Utilities,Al Marwah,CONT-011,Corniche Civil Works,PM-005,Khalid Alotaibi,29891968,28436901,6723418,21713483,23.64,2026-06-23,2026-06-05,2028-04-14,2028-03-27,,661,90,571,10.89,8.0,-2.89,15.64,0,In Progress,On Track,Watch,Low,79.8,Monitor,Medium,21.614501,39.233347,2026-09-01,
JED-PROJ-112,Western Jeddah Al Sanabel Underground Utility Development,Utilities,Al Khalidiyah,CONT-016,Nesma Urban Contracting,PM-001,Ahmed Alharbi,19940141,19536941,18590837,946104,95.16,2025-04-08,2025-04-20,2026-06-18,2026-09-18,,436,501,15,99.0,82.89,-16.11,12.27,92,In Progress,Delayed,Watch,High,57.12,At Risk,High,21.568101,39.133199,2026-09-02,Coordination ongoing with traffic management authority.
JED-PROJ-113,Central Jeddah Al Kandarah Underground Utility Development,Utilities,Al Rawdah,CONT-012,Madar Utilities & Build,PM-002,Mohammed Alqahtani,224380986,217357884,196241936,21115948,90.29,2025-06-14,2025-07-24,2027-03-04,2027-04-19,,628,406,228,71.02,57.49,-13.53,32.8,46,In Progress,Delayed,Over Budget,High,43.08,Critical,Medium,21.584184,39.175849,2026-08-26,
JED-PROJ-114,Corniche Al Shati Utility Network Upgrade,Utilities,Al Thaghr,CONT-012,Madar Utilities & Build,PM-009,Turki Almutairi,152992861,159892848,19698347,140194501,12.32,2026-10-21,,2027-08-04,2027-08-04,,287,0,335,0.0,0.0,0.0,12.32,0,Not Started,On Track,Watch,Low,87.67,Healthy,Medium,21.470549,39.247957,2026-09-01,Design revision under review.
JED-PROJ-115,Airport District Al Naseem Underground Utility Development,Utilities,Al Aziziyah,CONT-011,Corniche Civil Works,PM-012,Majed Alharbi,88239468,94187445,21437558,72749887,22.76,2026-04-18,2026-05-06,2028-01-25,2028-04-09,,647,120,584,21.33,6.56,-14.77,16.2,75,In Progress,Delayed,Watch,High,55.52,At Risk,Medium,21.550631,39.252782,2026-09-02,Variation order under evaluation.
JED-PROJ-116,Obhur Al Faisaliyah Utility Network Upgrade,Utilities,Al Samer,CONT-008,Al Manar Contracting,PM-008,Omar Alshehri,186775154,179442228,90384286,89057942,50.37,2025-11-10,2025-10-30,2027-09-28,2027-10-12,,687,308,404,43.23,44.32,1.09,6.05,0,In Progress,On Track,On Budget,Low,93.15,Healthy,Medium,21.593828,39.244476,2026-08-27,Contractor submitted recovery plan.
JED-PROJ-117,Al Balad Al Manar Neighborhood Services Improvement,Public Facilities,Prince Fawaz,CONT-014,Desert Line Projects,PM-004,Abdullah Alzahrani,92315018,105075591,14066585,91009006,13.39,2026-04-01,2026-04-29,2027-06-06,2027-10-08,,431,127,400,35.96,16.75,-19.21,-3.36,124,Delayed,Delayed,On Budget,High,60.65,At Risk,Medium,21.404554,39.241143,2026-08-29,
JED-PROJ-118,King Abdulaziz Road Prince Fawaz Emergency Services Facility Enhancement,Public Facilities,Al Jamiah,CONT-008,Al Manar Contracting,PM-003,Fahad Alghamdi,11317170,11757942,10738274,1019668,91.33,2025-03-07,2025-02-28,2026-10-27,2027-02-20,,599,552,170,93.75,77.67,-16.08,13.66,116,Delayed,Delayed,Watch,High,55.84,At Risk,Medium,21.477489,39.239515,2026-08-28,
JED-PROJ-119,Prince Majed Corridor Al Balad Neighborhood Services Improvement,Public Facilities,Al Rehab,CONT-001,Red Sea Infrastructure Ltd.,PM-014,Tariq Alotaibi,124901921,138120769,135485027,2635742,98.09,2023-06-08,2023-06-19,2025-01-09,2025-03-03,2025-03-14,581,634,0,100.0,100.0,0.0,-1.91,64,Completed,Completed,On Budget,Low,97.67,Healthy,High,21.533841,39.225697,2026-09-02,
JED-PROJ-120,Haramain Gateway Al Khalidiyah Neighborhood Services Improvement,Public Facilities,Al Rehab,CONT-007,Western Projects Company,PM-002,Mohammed Alqahtani,37568611,37942436,18326116,19616320,48.3,2025-09-16,2025-10-12,2027-05-19,2027-12-25,,610,326,478,57.7,25.95,-31.75,22.35,292,Delayed,Critical Delay,Over Budget,Critical,19.61,Critical,Medium,21.545327,39.239379,2026-08-29,Contractor submitted recovery plan.
JED-PROJ-121,Northern Jeddah Al Hamdaniyah Sports Facility Rehabilitation,Public Facilities,Prince Fawaz,CONT-012,Madar Utilities & Build,PM-001,Ahmed Alharbi,93505739,91376136,42258771,49117365,46.25,2026-03-25,2026-05-05,2027-04-03,2027-07-07,,374,121,307,43.32,32.81,-10.51,13.44,95,In Progress,Delayed,Watch,High,65.07,At Risk,Medium,21.407727,39.240546,2026-08-28,Design revision under review.
JED-PROJ-122,Southern Jeddah Al Rawdah Public Facilities Upgrade,Public Facilities,Prince Fawaz,CONT-001,Red Sea Infrastructure Ltd.,PM-006,Saad Alshammari,126411550,125142379,139967392,-14825013,111.85,2024-04-04,2024-04-07,2026-03-25,2026-07-07,,720,879,0,100.0,82.11,-17.89,29.74,104,In Progress,Delayed,Over Budget,Critical,34.97,Critical,Medium,21.40149,39.261303,2026-08-28,Coordination ongoing with traffic management authority.
JED-PROJ-123,Eastern Jeddah Al Jamiah Emergency Services Facility Enhancement,Public Facilities,Al Jamiah,CONT-004,Jeddah Urban Works Co.,PM-012,Majed Alharbi,17696238,17667999,17944846,-276847,101.57,2024-08-30,2024-10-03,2026-02-28,2026-03-28,2026-03-25,547,538,0,100.0,100.0,0.0,1.57,25,Completed,Completed,Over Budget,Low,97.99,Healthy,Medium,21.475237,39.245634,2026-08-28,Variation order under evaluation.
JED-PROJ-124,Western Jeddah Al Rabwah Public Facilities Upgrade,Public Facilities,Al Jamiah,CONT-003,Horizon Construction Group,PM-004,Abdullah Alzahrani,8723912,9511916,2408313,7103603,25.32,2026-01-19,2026-01-09,2027-10-06,2028-03-04,,625,237,548,36.32,23.36,-12.96,1.96,164,On Hold,Delayed,On Budget,High,72.12,Monitor,Low,21.480389,39.222583,2026-08-29,Project progressing according to plan.
JED-PROJ-125,Central Jeddah Al Salamah Emergency Services Facility Enhancement,Public Facilities,Al Kandarah,CONT-009,Future Cities Construction,PM-004,Abdullah Alzahrani,13026841,13049608,9401608,3648000,72.05,2025-10-13,2025-10-21,2027-01-27,2027-01-17,,471,317,136,69.0,75.71,6.71,-3.66,0,In Progress,Ahead of Schedule,On Budget,Low,92.63,Healthy,High,21.517917,39.184242,2026-08-30,Project progressing according to plan.
JED-PROJ-126,Corniche Al Rowais Public Facilities Upgrade,Public Facilities,Al Naeem,CONT-016,Nesma Urban Contracting,PM-003,Fahad Alghamdi,25647276,24960285,8388368,16571917,33.61,2026-02-10,2026-03-06,2028-01-02,2027-12-27,,691,181,480,29.67,28.49,-1.18,5.12,0,In Progress,On Track,On Budget,Low,92.67,Healthy,High,21.653992,39.165908,2026-09-02,Additional manpower assigned to recover schedule.
JED-PROJ-127,Airport District Al Basateen Neighborhood Services Improvement,Public Facilities,Al Kandarah,CONT-006,Gulf Engineering & Construction,PM-003,Fahad Alghamdi,96930008,92521343,39101427,53419916,42.26,2026-05-11,2026-05-12,2027-05-31,2027-06-12,,385,114,282,29.87,29.95,0.08,12.31,0,In Progress,On Track,Watch,Low,87.64,Healthy,Medium,21.516505,39.173202,2026-08-28,Coordination ongoing with traffic management authority.
JED-PROJ-128,Obhur Al Zahra Sports Facility Rehabilitation,Public Facilities,Al Rehab,CONT-003,Horizon Construction Group,PM-007,Yousef Alsubaie,112086857,115350431,27193648,88156783,23.57,2025-12-30,2026-01-04,2027-08-09,2028-04-05,,587,242,580,42.08,25.09,-16.99,-1.52,200,On Hold,Delayed,On Budget,Critical,63.52,At Risk,Low,21.525252,39.208477,2026-08-26,
JED-PROJ-129,Al Balad Al Bawadi Neighborhood Services Improvement,Public Facilities,Al Balad,CONT-020,Prime Gulf Builders,PM-002,Mohammed Alqahtani,6143564,6398584,6487657,-89073,101.39,2024-04-11,2024-05-01,2025-03-21,2025-05-16,2025-05-23,344,387,0,100.0,100.0,0.0,1.39,63,Completed,Completed,Over Budget,Low,98.17,Healthy,Medium,21.497439,39.191164,2026-08-30,Procurement of long-lead items in progress.
JED-PROJ-130,King Abdulaziz Road Al Naeem Public Facilities Upgrade,Public Facilities,Al Balad,CONT-010,Saudi Infrastructure Solutions,PM-011,Nawaf Alqahtani,34086856,34517617,0,34517617,0.0,2027-02-16,,2028-01-14,2028-01-14,,332,0,498,0.0,0.0,0.0,0.0,0,Not Started,On Track,On Budget,Low,99.5,Healthy,Medium,21.472089,39.181092,2026-08-25,
JED-PROJ-131,Prince Majed Corridor Al Waha Open Space Rehabilitation,Parks & Landscaping,Al Muhammadiyah,CONT-011,Corniche Civil Works,PM-014,Tariq Alotaibi,15953401,15748412,14842051,906361,94.24,2023-09-14,2023-09-16,2025-01-31,2025-07-07,2025-07-07,505,660,0,100.0,100.0,0.0,-5.76,157,Completed,Completed,On Budget,Low,93.97,Healthy,Medium,21.671236,39.092359,2026-08-29,
JED-PROJ-132,Haramain Gateway Al Baghdadiyah Open Space Rehabilitation,Parks & Landscaping,Al Basateen,CONT-016,Nesma Urban Contracting,PM-006,Saad Alshammari,8351164,9295206,9607737,-312531,103.36,2023-11-24,2024-01-06,2025-03-05,2025-04-06,2025-04-22,467,472,0,100.0,100.0,0.0,3.36,48,Completed,Completed,Over Budget,Low,96.27,Healthy,Medium,21.653021,39.122878,2026-08-31,Additional manpower assigned to recover schedule.
JED-PROJ-133,Northern Jeddah Al Sanabel Open Space Rehabilitation,Parks & Landscaping,Al Basateen,CONT-003,Horizon Construction Group,PM-013,Hassan Alzahrani,5950948,6293257,0,6293257,0.0,2027-10-17,,2028-07-09,2028-07-09,,266,0,675,0.0,0.0,0.0,0.0,0,Not Started,On Track,On Budget,Low,99.5,Healthy,Medium,21.674573,39.122188,2026-09-02,Procurement of long-lead items in progress.
JED-PROJ-134,Southern Jeddah Al Ruwais Open Space Rehabilitation,Parks & Landscaping,Al Hamra,CONT-001,Red Sea Infrastructure Ltd.,PM-006,Saad Alshammari,12246177,13650282,9922867,3727415,72.69,2025-06-18,2025-06-03,2026-06-20,2026-09-27,,367,457,24,99.0,84.85,-14.15,-12.16,99,In Progress,Delayed,Under Budget,High,63.5,At Risk,Medium,21.525718,39.18997,2026-08-27,Additional manpower assigned to recover schedule.
JED-PROJ-135,Eastern Jeddah Al Aziziyah Boulevard Landscaping Project,Parks & Landscaping,Al Shati,CONT-006,Gulf Engineering & Construction,PM-003,Fahad Alghamdi,91037591,94480085,51637528,42842557,54.65,2026-05-06,2026-05-12,2027-01-01,2027-01-03,,240,114,122,50.0,48.25,-1.75,6.4,0,In Progress,On Track,On Budget,Low,90.52,Healthy,Medium,21.641181,39.120533,2026-08-31,
JED-PROJ-136,Western Jeddah Al Faisaliyah Open Space Rehabilitation,Parks & Landscaping,Al Hamra,CONT-008,Al Manar Contracting,PM-007,Yousef Alsubaie,11674991,11747574,3919930,7827644,33.37,2026-04-10,2026-05-01,2027-07-09,2027-06-22,,455,125,292,32.09,39.16,7.07,-5.79,0,In Progress,Ahead of Schedule,On Budget,Low,90.41,Healthy,Low,21.539455,39.15019,2026-08-28,
JED-PROJ-137,Central Jeddah Al Manar Landscape Enhancement,Parks & Landscaping,Al Faisaliyah,CONT-005,Arabian Development Contractors,PM-002,Mohammed Alqahtani,22324014,24339544,11874286,12465258,48.79,2026-05-03,2026-05-01,2027-01-05,2027-01-23,,247,125,142,49.8,55.33,5.53,-6.54,0,In Progress,Ahead of Schedule,On Budget,Low,90.46,Healthy,High,21.578766,39.208624,2026-08-28,Contractor submitted recovery plan.
JED-PROJ-138,Corniche Al Marwah Landscape Enhancement,Parks & Landscaping,Al Shati,CONT-007,Western Projects Company,PM-014,Tariq Alotaibi,41109118,42365830,35621542,6744288,84.08,2026-01-09,2026-02-05,2026-11-27,2027-03-14,,322,210,192,73.6,58.9,-14.7,25.18,107,In Progress,Delayed,Over Budget,High,47.01,Critical,Medium,21.635504,39.115222,2026-08-29,
JED-PROJ-139,Airport District Al Balad Boulevard Landscaping Project,Parks & Landscaping,Al Balad,CONT-009,Future Cities Construction,PM-011,Nawaf Alqahtani,13348853,13262966,2449729,10813237,18.47,2026-03-19,2026-05-01,2027-04-22,2027-05-10,,399,125,249,42.11,43.89,1.78,-25.42,0,In Progress,On Track,Under Budget,Low,85.26,Healthy,Medium,21.49919,39.197539,2026-09-03,
JED-PROJ-140,Obhur Al Andalus Boulevard Landscaping Project,Parks & Landscaping,Al Muhammadiyah,CONT-018,First Route Engineering,PM-013,Hassan Alzahrani,100179236,95496485,0,95496485,0.0,2027-04-26,,2028-01-11,2028-01-11,,260,0,495,0.0,0.0,0.0,0.0,0,Not Started,On Track,On Budget,Low,99.5,Healthy,Low,21.670401,39.133811,2026-09-01,Coordination ongoing with traffic management authority.
JED-PROJ-141,Al Balad Al Hamdaniyah Boulevard Lighting Enhancement,Street Lighting,Al Zahra,CONT-010,Saudi Infrastructure Solutions,PM-005,Khalid Alotaibi,79208650,76726884,43563724,33163160,56.78,2026-05-02,2026-04-22,2027-04-01,2027-04-23,,334,134,232,37.13,38.59,1.46,18.19,0,In Progress,On Track,Over Budget,Low,81.31,Monitor,Medium,21.605188,39.137886,2026-09-02,Final handover documentation under preparation.
JED-PROJ-142,King Abdulaziz Road Al Rawdah Street Lighting Upgrade,Street Lighting,Al Basateen,CONT-007,Western Projects Company,PM-008,Omar Alshehri,7063732,7384152,3533905,3850247,47.86,2026-05-09,2026-06-14,2026-12-12,2027-10-03,,217,81,395,53.92,33.15,-20.77,14.71,295,Delayed,Critical Delay,Watch,Critical,44.73,Critical,High,21.650216,39.133462,2026-09-02,Design revision under review.
JED-PROJ-143,Prince Majed Corridor Al Rabwah Pedestrian Lighting Improvement,Street Lighting,Al Zahra,CONT-004,Jeddah Urban Works Co.,PM-006,Saad Alshammari,16278620,15911144,9323930,6587214,58.6,2026-05-30,2026-05-18,2027-01-03,2026-11-29,,218,108,87,44.04,39.4,-4.64,19.2,0,In Progress,On Track,Over Budget,Low,73.55,Monitor,High,21.604938,39.159475,2026-08-25,Coordination ongoing with traffic management authority.
JED-PROJ-144,Haramain Gateway Al Salamah Smart Lighting Deployment,Street Lighting,Al Basateen,CONT-005,Arabian Development Contractors,PM-003,Fahad Alghamdi,8347473,8074825,3796024,4278801,47.01,2026-05-19,2026-05-14,2026-12-06,2027-04-25,,201,112,234,53.23,37.55,-15.68,9.46,185,On Hold,Delayed,Watch,Critical,58.02,At Risk,High,21.666922,39.1244,2026-08-25,Additional manpower assigned to recover schedule.
JED-PROJ-145,Northern Jeddah Al Rowais Street Lighting Upgrade,Street Lighting,Al Zahra,CONT-015,Alpha Core Construction,PM-010,Bander Alghamdi,7904333,8849521,0,8849521,0.0,2026-12-27,,2027-10-27,2027-10-27,,304,0,419,0.0,0.0,0.0,0.0,0,Not Started,On Track,On Budget,Low,99.5,Healthy,Medium,21.604922,39.132004,2026-09-03,Awaiting utility relocation approval.
JED-PROJ-146,Southern Jeddah Al Zahra Street Lighting Upgrade,Street Lighting,Al Naeem,CONT-002,Al Binaa Contracting Co.,PM-003,Fahad Alghamdi,3401009,3394943,2209957,1184986,65.1,2025-09-15,2025-08-27,2026-03-20,2027-05-05,,186,372,244,99.0,68.52,-30.48,-3.42,411,Delayed,Critical Delay,On Budget,Critical,39.84,Critical,Medium,21.66236,39.179896,2026-09-03,Procurement of long-lead items in progress.
JED-PROJ-147,Eastern Jeddah Al Rehab Street Lighting Upgrade,Street Lighting,Al Zahra,CONT-004,Jeddah Urban Works Co.,PM-005,Khalid Alotaibi,23851829,23688410,24700796,-1012386,104.27,2024-12-25,2025-02-07,2025-06-23,2025-07-09,2025-07-24,180,167,0,100.0,100.0,0.0,4.27,31,Completed,Completed,Over Budget,Low,95.4,Healthy,Medium,21.592482,39.147184,2026-08-26,Procurement of long-lead items in progress.
JED-PROJ-148,Western Jeddah Al Naeem Street Lighting Upgrade,Street Lighting,Al Naeem,CONT-002,Al Binaa Contracting Co.,PM-007,Yousef Alsubaie,16582085,16780761,17141331,-360570,102.15,2024-11-23,2024-11-22,2026-01-08,2026-02-25,2026-03-02,411,465,0,100.0,100.0,0.0,2.15,53,Completed,Completed,Over Budget,Low,97.44,Healthy,Low,21.652518,39.148909,2026-08-28,Final handover documentation under preparation.
JED-PROJ-149,Central Jeddah Al Samer LED Lighting Retrofit,Street Lighting,Al Basateen,CONT-010,Saudi Infrastructure Solutions,PM-004,Abdullah Alzahrani,3574058,3436747,0,3436747,0.0,2027-04-23,,2027-11-03,2027-11-03,,194,0,426,0.0,0.0,0.0,0.0,0,Not Started,On Track,On Budget,Low,99.5,Healthy,Medium,21.648981,39.127308,2026-09-01,
JED-PROJ-150,Corniche Al Muhammadiyah Street Lighting Upgrade,Street Lighting,Al Basateen,CONT-013,Blue Horizon Contractors,PM-003,Fahad Alghamdi,7739553,8438434,7207699,1230735,85.42,2026-02-28,2026-03-24,2026-10-19,2026-11-03,,233,163,61,80.26,81.61,1.35,3.81,0,In Progress,On Track,On Budget,Low,95.17,Healthy,Medium,21.678445,39.130249,2026-09-02,
